timestamp,spot,strike,iv,portfolio_delta,gamma,vega,theta,futures_position,options_pnl,futures_pnl,hedging_cost,total_pnl,pnl_pct
2026-01-15 11:00:00,21370.889577154514,21400,5.559104876462005,-0.018813092661011277,0.004849500383241748,23.60134559397012,-9.288573055664362,0.0,-0.34602356225514086,0,0.0,-0.34602356225514086,-0.0026284044018248065
2026-01-15 11:05:00,21374.362125542066,21400,5.498016279601822,-0.0021230189547143397,0.004905149887038292,23.605801131092385,-9.250773746108838,0.0,-1.8566325254178082,0,0.0,-1.8566325254178082,-0.014103031223003866
2026-01-15 11:10:00,21301.23278592937,21400,5.3121033426185305,-0.36116071238665537,0.004564151008350891,21.066598577425193,-6.717874487150784,0.36116071238665537,7.251179758436592,0,-7693.16840768023,7.251179758436592,0.05508015890965389
2026-01-15 11:25:00,21206.380957210757,21250,4.9931896184557205,-0.10137981453278727,0.00539853443576514,23.236823057388666,-7.9188652660517995,0.0,-11.644737888798772,0,0.0,-11.644737888798772,-0.08980331048036488
2026-01-15 11:30:00,21235.10701421237,21250,4.811910890390989,0.056332078388139195,0.005627257349335951,23.393616990832015,-8.226606249686942,0.0,-16.58985638005288,0,0.0,-16.58985638005288,-0.1279396786385061
2026-01-15 11:35:00,21204.495849270912,21250,4.807741293410929,-0.11622331231461946,0.0055956619334408065,23.163644104864424,-7.542648985291226,0.0,-15.796133477841067,0,0.0,-15.796133477841067,-0.121818549515345
2026-01-15 11:40:00,21189.649510700576,21250,4.683660725576474,-0.2039383093918683,0.005620244286581101,22.621989251429873,-6.854167518256617,0.2039383093918683,-16.291568865824956,0,-4321.381297818505,-16.291568865824956,-0.1256393085908133
2026-01-15 11:55:00,21252.292013642123,21250,5.255546711580488,0.14011688285759472,0.005079899876141876,23.113956973413714,-9.150128134830867,0.0,-0.8653596558360732,0,0.0,-0.8653596558360732,-0.006867408983432244
2026-01-15 12:00:00,21198.416558249646,21250,5.05635065832394,-0.1424644821706748,0.005291939936100301,23.03737803114785,-7.81238532697221,0.0,-5.578744295260549,0,0.0,-5.578744295260549,-0.04427236517344772
2026-01-15 12:05:00,21261.25586761794,21250,4.72343587713927,0.20518623980622225,0.005550440308884499,22.694557076456633,-8.366605467497685,-0.20518623980622225,-11.586446175082528,0,4362.517145034504,-11.586446175082528,-0.09194889548200616
2026-01-15 12:20:00,21084.57762122752,21200,5.193456816695788,-0.44862966154532297,0.004407224567562092,19.50478709770739,-5.660775934693426,0.44862966154532297,26.79040332175373,0,-9459.166922037393,26.79040332175373,0.2318002476852866
2026-01-15 12:40:00,21044.78317536832,21050,4.816403539235695,0.11026395096704222,0.005631242111267452,23.025320082206512,-8.288188054764937,0.0,1.3859564575941477,0,0.0,1.3859564575941477,0.012423819512181434
2026-01-15 12:45:00,21038.943958146123,21050,4.803843029696107,0.07742914516574029,0.005676607439898456,23.125954007517553,-8.192488659826372,0.0,0.5192935398354166,0,0.0,0.5192935398354166,0.004654986942343215
2026-01-15 12:50:00,21023.746349807938,21050,4.656526045522717,-0.009688717759444465,0.005889205174670021,23.211187535866397,-7.6805003275508925,0.0,-3.446997377819571,0,0.0,-3.446997377819571,-0.030899147694244164
2026-01-15 12:55:00,20949.2609312193,21050,4.78828387110552,-0.4159596114222359,0.004949150756097108,19.90630293363914,-5.368515276681087,0.4159596114222359,15.788902595413674,0,-8714.046436533008,15.788902595413674,0.1415329284451979
2026-01-15 13:10:00,20913.40658491516,20850,4.897423466674343,0.4652909301434818,0.00464041421241037,19.053013098426096,-8.245952868699176,-0.4652909301434818,20.532305427940628,0,9730.818402363991,20.532305427940628,0.18132090531641065
2026-01-15 13:35:00,20821.909199639977,20850,4.709334626842851,-0.021635218593980987,0.005874966762017615,22.993006363165286,-7.646381098873404,0.0,-2.8688980194474425,0,0.0,-2.8688980194474425,-0.025787614119214004
2026-01-15 13:40:00,20852.574322848097,20850,4.772009903390742,0.15541266116889885,0.005682606441343494,22.59136046316559,-8.222428083947307,-0.15541266116889885,0.6098612187906838,0,3240.7540677360716,0.6098612187906838,0.005481849013049525
2026-01-15 13:55:00,20911.2893854276,20950,4.836234923442025,-0.08052835724623447,0.0056694056873126735,22.982445898410102,-7.64783404757401,0.0,-4.391069818742835,0,0.0,-4.391069818742835,-0.03760863322443192
2026-01-15 14:00:00,20887.924022312855,20950,4.49250958270226,-0.22759928061832047,0.005891185733282971,22.12363065433768,-6.307113079831726,0.22759928061832047,-8.625285227536551,0,-4754.07648108854,-8.625285227536551,-0.07387383985422591
2026-01-15 14:15:00,20929.647948670452,20950,4.143388254149913,0.027066565433531198,0.006641675874759276,23.10717496577347,-6.919476605195188,0.0,-4.087259401510892,0,0.0,-4.087259401510892,-0.040904531909185846
2026-01-15 14:20:00,20920.263778894772,20950,4.133296171038777,-0.03547991190301242,0.006659776611000343,23.081531089143617,-6.68352169606591,0.0,-4.3048661647026165,0,0.0,-4.3048661647026165,-0.04308229992296549
2026-01-15 14:25:00,20864.392138811578,20950,4.255328955686684,-0.381016812885413,0.005738806978400112,20.3575097789973,-4.872015082551132,0.381016812885413,10.285800323556032,0,-7949.684195521453,10.285800323556032,0.10293837660288532
2026-01-15 14:40:00,20938.272473323887,20850,4.984741033338078,0.5659374848131944,0.004066147412574542,17.033233991874003,-7.991285872017671,-0.5659374848131944,41.86700818728514,0,11849.753259886264,41.86700818728514,0.3937391860557818
2026-01-15 15:05:00,20996.97817422521,21000,4.574802214634903,0.12871700167677885,0.005921275097791345,22.8923750837313,-7.910910597925387,0.0,1.131368055146595,0,0.0,1.131368055146595,0.010646919812886152
2026-01-15 15:10:00,21075.692659870096,21000,4.766162016076783,0.5302737949061629,0.00441892731730735,17.92352752364079,-7.922369418259466,-0.5302737949061629,31.89331677145492,0,11175.887527025277,31.89331677145492,0.30013715226267285
2026-01-16 11:00:00,21023.41984763835,21000,3.827293753262442,0.33283606711892144,0.006529672308558899,21.17286402911032,-6.925412342301387,-0.33283606711892144,6.669734131712175,0,6997.352379477823,6.669734131712175,0.0740237108014314
2026-01-16 11:15:00,21025.02528655454,21050,3.2672945152366926,-0.004728096637421297,0.008389049879600284,23.225432612098935,-5.394183071983767,0.0,-13.811956329991517,0,0.0,-13.811956329991517,-0.1539768687991726
2026-01-16 11:20:00,20953.6116624588,21050,3.551090065891318,-0.5144463222295155,0.006074629511569409,18.145685467268024,-2.8185201863613725,0.5144463222295155,11.991813834014465,0,-10779.508457177413,11.991813834014465,0.13368576480181227
2026-01-16 11:35:00,20864.40565171826,20900,3.09799812333604,-0.10115001298629656,0.008844013014231721,22.8629495072818,-4.702992208472272,0.0,-3.046660137994877,0,0.0,-3.046660137994877,-0.040586329322675155
2026-01-16 11:40:00,20856.327185593684,20900,3.0336630188851545,-0.1759157707705108,0.008888275111032613,22.471631392528238,-4.259321884860982,0.1759157707705108,-3.4038729785215764,0,-3668.956872295671,-3.4038729785215764,-0.045344969055115585
2026-01-16 11:55:00,20984.458771026762,20950,3.557477960956072,0.4310817384878609,0.006563596095518101,19.70921419506729,-6.482065037507466,-0.4310817384878609,4.894933054384637,0,9046.016968241058,4.894933054384637,0.05417271650320188
2026-01-16 12:10:00,20897.244132751533,21000,3.941734367892864,-0.5068703670344776,0.005531932436336682,18.252903270678605,-3.382117791570863,0.5068703670344776,29.784552715508653,0,-10592.193803576854,29.784552715508653,0.3625728158897493
2026-01-16 12:35:00,21022.75442050322,21000,4.364514155627224,0.2905316397233382,0.005859732563911057,21.66619433563093,-7.744061186913779,-0.2905316397233382,-1.7695703017152482,0,6107.775313289857,-1.7695703017152482,-0.016108874660339497
2026-01-16 12:50:00,21048.53027740673,20950,4.848367791268032,0.6177135333759964,0.0038554184339896673,15.874509976594801,-7.612504978935778,-0.6177135333759964,44.605481494373635,0,13001.962010028554,44.605481494373635,0.41349400846624046
2026-01-17 10:20:00,21028.84043374775,21100,4.87878658832012,-0.2559372385409278,0.005325652264498224,22.02444517487368,-6.774613067828972,0.2559372385409278,10.26948341151001,0,-5382.0633503312065,10.26948341151001,0.09394970596321162
2026-01-17 10:45:00,21254.080523881144,21250,4.541010645738278,0.1714932354397245,0.0058325863670152175,22.934434704259974,-8.023911695157095,-0.1714932354397245,-2.947226158153171,0,3644.9310353368123,-2.947226158153171,-0.026335239610021835
2026-01-17 11:00:00,21128.586166818022,21150,4.767315615060742,0.019207853867873548,0.005719723072749757,23.333478080393444,-7.997937429682607,0.0,-3.137207651148856,0,0.0,-3.137207651148856,-0.02741746704645563
2026-01-17 11:05:00,21124.66689566615,21150,4.687223541792951,-0.003432502001459392,0.005821614584095609,23.32990493719128,-7.788751634138585,0.0,-5.064596319767588,0,0.0,-5.064596319767588,-0.04426178249628389
2026-01-17 11:10:00,21142.00685394367,21150,4.68954437300111,0.09713940225221224,0.005772306732648973,23.170259173134497,-8.092332673572315,0.0,-4.2244648878386215,0,0.0,-4.2244648878386215,-0.036919496485611686
2026-01-17 11:15:00,21156.076049316333,21150,4.6891264302337925,0.17766654578429475,0.005668824984900325,22.77182590091744,-8.241750240859893,-0.17766654578429475,-2.3276308540989703,0,3758.7269540318816,-2.3276308540989703,-0.020342211716588673
2026-01-17 11:30:00,21272.977784325518,21200,4.450708945479425,0.5451810631983267,0.004603478177122719,17.773033298822902,-7.53775101780076,-0.5451810631983267,29.95886321621674,0,11597.62464585297,29.95886321621674,0.29361602328402536
2026-01-17 11:50:00,21396.10953746495,21450,4.872149503938895,-0.15777360608490548,0.005419840786843995,23.172156805459668,-7.493914126538844,0.15777360608490548,5.444874790604445,0,-3375.741357913484,5.444874790604445,0.048552814057170254
2026-01-17 12:05:00,21366.81839349579,21400,4.629984621655752,-0.04740594777623075,0.0058151156028739435,23.561737710104676,-7.611534771666555,0.0,-2.7870979288163653,0,0.0,-2.7870979288163653,-0.02481683033194685
2026-01-17 12:10:00,21403.448104916002,21400,4.638756393827772,0.16425359564685832,0.005682413062032559,23.135344349084153,-8.232790198168265,-0.16425359564685832,-0.4527504971756571,0,3515.593310473389,-0.4527504971756571,-0.004031373334586968
2026-01-17 12:25:00,21380.536541478225,21400,4.341390257593399,0.03427164423582357,0.006202930401842448,23.596773998702837,-7.4245591830954165,0.0,-5.299638521482848,0,0.0,-5.299638521482848,-0.04911327874684247
2026-01-17 12:30:00,21302.967218825946,21400,4.572603753435241,-0.40613072815703055,0.00513340151722835,20.409065302152985,-5.2301018843694935,0.40613072815703055,14.997872424966772,0,-8651.789588487134,14.997872424966772,0.13898960958017847
2026-01-17 12:45:00,21323.45650245497,21300,4.467840514420218,0.2863463999964941,0.005655226319639277,22.021787080743888,-8.016629617884082,-0.2863463999964941,2.5702037582623234,0,6105.895004959813,2.5702037582623234,0.02348575636566539
2026-01-17 13:00:00,21292.741677142614,21250,4.646023938659262,0.378971119925589,0.005155326309294436,20.815673699723735,-8.217702871141341,-0.378971119925589,5.249461516051269,0,8069.3341596730015,5.249461516051269,0.04495828583581056
2026-01-17 13:15:00,21258.416343923447,21250,4.489680268020507,0.1988332083941109,0.005849610744682175,22.750654566897587,-7.976539426145216,-0.1988332083941109,0.11788603695094935,0,4226.879127040103,0.11788603695094935,0.0010867395190669697
2026-01-17 13:30:00,21256.108795807006,21250,3.4465409794152206,0.23860328720876778,0.00751201900353831,22.423187649179063,-6.342737811772248,-0.23860328720876778,3.9222729991697634,0,5071.777431946754,3.9222729991697634,0.04866919729875103
2026-01-17 13:45:00,21286.575010131764,21400,4.363447733248405,-0.5074633042433982,0.0049027263148204705,18.580983844651225,-3.997636981818942,0.5074633042433982,35.232303421158576,0,-10802.155690666414,35.232303421158576,0.3867838099669007
2026-01-17 14:00:00,21280.43273693677,21250,4.5906265187160376,0.3176813749972495,0.005425186411584378,21.61908130753815,-8.184595863881558,-0.3176813749972495,7.63420001342638,0,6760.397132406555,7.63420001342638,0.07009586620355915
2026-01-18 11:00:00,21297.429631001374,21300,4.630914420967791,0.1300841114198032,0.005765375196429009,23.213381714761546,-8.119610805775702,0.0,-4.6776960474026055,0,0.0,-4.6776960474026055,-0.04068535884534718
2026-01-18 11:05:00,21263.975269663555,21300,4.551997650131348,-0.06619673149695227,0.005934831598913772,23.403103891378485,-7.367874897130956,0.0,-7.647495755499222,0,0.0,-7.647495755499222,-0.06651588857585633
2026-01-18 11:10:00,21354.443697791186,21300,4.809777425194472,0.4241743527807753,0.004800357739652435,20.161996284462983,-8.404662567192245,-0.4241743527807753,15.291865884086292,0,9058.007334504082,15.291865884086292,0.13300459127831496
2026-01-19 09:40:00,21324.924331886337,21300,2.6009353295442996,0.48168777861087686,0.0084338015676652,19.121309382049212,-5.230603332989471,-0.48168777861087686,-28.336905891918832,0,10271.955430471367,-28.336905891918832,-0.2783266451036328
2026-01-19 09:55:00,21373.516552065765,21350,3.035384836034128,0.40923676860483077,0.007687170171684228,20.432519277754018,-5.856656735915395,-0.40923676860483077,8.994545463153372,0,8746.828847489258,8.994545463153372,0.12385223596561881
2026-01-19 10:10:00,21408.633415661327,21350,3.015561983049217,0.649924857959651,0.005768705234157395,15.283196516743219,-5.564378746907012,-0.649924857959651,27.35910796069993,0,13914.003031783926,27.35910796069993,0.37635057324867344
2026-01-19 10:35:00,21675.61389489751,21650,3.348187116743722,0.38678634586679866,0.006988408097119367,21.072714839233107,-6.405540560102344,-0.38678634586679866,8.494440239166579,0,8383.831492827016,8.494440239166579,0.10421169091829456
2026-01-19 10:50:00,21669.535702441473,21700,3.4391729210866235,-0.0407717684948512,0.007722787521426672,23.906555642519034,-5.7168965266894185,0.0,0.7957345034483296,0,0.0,0.7957345034483296,0.009744628708389257
2026-01-19 10:55:00,21674.597620952485,21700,3.3368509847516745,-0.0019162152856364578,0.007970102297636353,23.937396293113487,-5.691102421459648,0.0,-1.7813420626280276,0,0.0,-1.7813420626280276,-0.021814458123561274
2026-01-19 11:00:00,21705.668264554548,21700,3.179295862209645,0.25309234531337044,0.007931244075308225,22.749769722710734,-6.0638965644862814,-0.25309234531337044,-1.640141197262892,0,5493.5384876701055,-1.640141197262892,-0.02008530097337638
2026-01-19 11:15:00,21693.3861507841,21750,4.308375379844064,-0.19055744956247112,0.005989312794634347,23.27742427478252,-6.469952418032536,0.19055744956247112,6.513329837168385,0,-4133.83633726725,6.513329837168385,0.0652167466474837
2026-01-19 12:10:00,21796.991835255572,21800,4.6013653284213785,0.12873959734569906,0.005670992350160743,23.76449546978375,-8.257377896737184,0.0,-0.9711312950694264,0,0.0,-0.9711312950694264,-0.008586179565767618
2026-01-19 12:15:00,21753.865161413203,21800,4.667049621749265,-0.11668436214287681,0.005616899565209299,23.767639710989585,-7.495156517710696,0.0,0.3356729366660147,0,0.0,0.3356729366660147,0.0029678253849052386
2026-01-19 12:20:00,21737.09919542197,21800,4.667926944931458,-0.20993352568340562,0.005484598244820224,23.164902042240826,-6.965993556206316,0.20993352568340562,3.0722773031429824,0,-4563.345872224854,3.0722773031429824,0.02716329371172419
2026-01-19 12:50:00,21685.452042123943,21700,4.161993783086715,0.06860536543641915,0.006361593434530464,23.866789065472247,-7.32688363434042,0.0,-16.21407234216349,0,0.0,-16.21407234216349,-0.13949133504539946
2026-01-19 12:55:00,21660.947740159532,21700,3.89729831664585,-0.0940235064336774,0.006780823539510817,23.756098412206935,-6.269520601975518,0.0,-22.294373063334206,0,0.0,-22.294373063334206,-0.1918007886592247
2026-01-19 13:10:00,21488.531445810975,21600,3.5376649388467083,-0.587264706149051,0.00542045828037613,16.972893036890024,-2.198329477525964,0.587264706149051,31.956565443504587,0,-12619.456105098825,31.956565443504587,0.404054396078414
2026-01-19 13:25:00,21432.495799971446,21400,3.2803146311942353,0.44454623504346585,0.006889195763220167,19.89844869784846,-6.21599858340636,-0.44454623504346585,7.4664702215332,0,9527.735315462201,7.4664702215332,0.0898483557961437
2026-01-19 13:40:00,21562.843639000424,21600,4.023293792530758,-0.07951707627712751,0.00660987937838015,23.701566301413976,-6.516996642228786,0.0,-0.2972934619174339,0,0.0,-0.2972934619174339,-0.0030755515567772026
2026-01-19 13:45:00,21561.8566739057,21600,3.832129275104548,-0.09063601832211776,0.006931265397795168,23.65914813027184,-6.146137672994888,0.0,-4.762370731319606,0,0.0,-4.762370731319606,-0.04926753727509833
2026-01-19 13:50:00,21509.86119651394,21600,3.910614684608751,-0.4229721907251869,0.0058672076200284185,20.328724107301138,-4.1736729994975486,0.4229721907251869,10.590206211615623,0,-9098.07311248419,10.590206211615623,0.1095574890569634
2026-01-19 14:05:00,21510.195463804215,21500,3.856293750882962,0.2410668329857144,0.006627970430369474,22.668828810570776,-7.083869505157951,-0.2410668329857144,2.711863473666199,0,5185.394697362963,2.711863473666199,0.029144033214988947
2026-01-19 14:20:00,21573.94721644569,21500,4.282279639460557,0.5622921007092492,0.004615898671459768,17.635192819327436,-7.369487927103947,-0.5622921007092492,36.612430733008296,0,12130.860100925705,36.612430733008296,0.3886265548039259
2026-01-19 14:35:00,21622.4849360179,21600,4.333010955163166,0.28723553330245033,0.005748037011326568,22.320825262477467,-7.9145706704302885,-0.28723553330245033,7.748976204973587,0,6210.7459919213,7.748976204973587,0.07563529781142636
2026-01-19 14:50:00,21613.879062404874,21600,3.3861401847990558,0.2995279929100935,0.007312633861735892,22.173481883900703,-6.415674314343363,-0.2995279929100935,-15.515671305240176,0,6473.961814563626,-15.515671305240176,-0.15192826762563807
2026-01-19 15:05:00,21579.729554167283,21600,3.2447142869865666,0.039292421883854234,0.008220452311526485,23.809697010087948,-5.647656712747838,0.0,-0.016876578649316798,0,0.0,-0.016876578649316798,-0.0002179209051548657
2026-01-19 15:10:00,21605.893365513657,21600,2.941571322915468,0.27468805115105877,0.00852692495832205,22.43315693898748,-5.681531927518561,-0.27468805115105877,-3.0662212007773633,0,5934.8807419505365,-3.0662212007773633,-0.03959295976767733
2026-01-21 09:55:00,21449.48919346183,21500,3.986281780859036,-0.1702564377331266,0.006585970588757496,23.15321945870754,-5.979572513935882,0.1702564377331266,-13.122965467031463,0,-3651.9136212740063,-13.122965467031463,-0.11944502921877255
2026-01-21 10:35:00,21532.47548975698,21500,4.644240692845974,0.3231888803382859,0.005283355878608901,21.807315450109012,-8.362052955253754,-0.3231888803382859,7.752625629834256,0,6959.056644446143,7.752625629834256,0.06929761343195613
2026-01-21 10:50:00,21514.408075515155,21550,4.548162080741623,-0.06114362693745501,0.0058722181350620625,23.696631498200706,-7.468043467710345,0.0,-3.050912722856083,0,0.0,-3.050912722856083,-0.027358485718162264
2026-01-21 10:55:00,21500.16261812544,21550,4.375277001308482,-0.1502740015518203,0.006018808478293079,23.32242371496442,-6.747444138789621,0.1502740015518203,-5.645546729985654,0,-3230.915470640571,-5.645546729985654,-0.05062537791606831
2026-01-21 15:15:00,21477.19756127876,21500,3.2987221783897427,0.017364421592704682,0.008132404947423334,23.719725495112307,-5.640124835657009,0.0,-16.58921238901712,0,0.0,-16.58921238901712,-0.1748739430814317
2026-01-21 15:20:00,21507.089545728282,21500,3.2135554059851126,0.26220877253933805,0.00788584526968872,22.458018961055874,-6.073916424015792,-0.26220877253933805,-14.411221610715074,0,5639.347550679043,-14.411221610715074,-0.15191481600142442
2026-01-22 09:20:00,21285.26427497811,21400,4.018155808984583,-0.5508430262334625,0.005060135540354349,17.65780492597139,-3.123280880372222,0.5508430262334625,36.480888820336986,0,-11724.83938740795,36.480888820336986,0.432890401169187
2026-01-22 09:35:00,21255.64957815927,21300,4.043814863471719,-0.13032212869520482,0.0066150686172666,23.166694904471477,-6.2236913555380475,0.0,-0.9448834923132381,0,0.0,-0.9448834923132381,-0.009715041959648998
2026-01-22 09:40:00,21288.67287538603,21300,4.120759353662111,0.08848887930820237,0.006530482814585874,23.366509127675172,-7.178180158885305,0.0,0.1615521563526272,0,0.0,0.1615521563526272,0.001661036509162813
2026-01-22 09:45:00,21202.9093228666,21300,4.345840310673659,-0.4283541536732427,0.0053323459235310846,19.949931747431503,-4.689650047692956,0.4283541536732427,20.70009803994526,0,-9082.354278407029,20.70009803994526,0.21283292878213264
2026-01-22 10:00:00,21085.604056689786,21150,4.446144012668632,-0.2399823583609373,0.005866983348421088,22.2310601485011,-6.214027872568419,0.2399823583609373,5.36133295091804,0,-5060.172988989361,5.36133295091804,0.051953370914520396
2026-01-22 10:15:00,21024.591372272807,21050,4.163037706085841,-0.005684670804435743,0.006584097922851208,23.224771591958348,-6.873999693481861,0.0,-1.8811905170750833,0,0.0,-1.8811905170750833,-0.019083513225914422
2026-01-22 10:20:00,21075.784219957928,21050,4.400470474169841,0.3054983405111862,0.005754055667032548,21.548387235973014,-7.820124957408845,-0.3054983405111862,11.399346989313926,0,6438.617104168991,11.399346989313926,0.11563931832677714
2026-01-22 10:35:00,21016.872885343757,21050,4.098454818884863,-0.05742739579734063,0.006673138213596661,23.15667311864233,-6.568315064382008,0.0,-10.744451752390887,0,0.0,-10.744451752390887,-0.10118678254897825
2026-01-22 10:40:00,21057.185683778323,21050,4.295378572697442,0.20029196422115159,0.0061712349546906575,22.518958230308353,-7.592344911898325,-0.20029196422115159,-3.2455794372090168,0,4217.585081573473,-3.2455794372090168,-0.030565518681325482
2026-01-22 12:35:00,21117.235396319837,21150,3.4742761187005566,-0.06440088327095017,0.007829356355216052,23.251673292041335,-5.536130836457014,0.0,-6.418682380628525,0,0.0,-6.418682380628525,-0.07313723936374808
2026-01-22 15:00:00,21052.05354037756,21000,4.766801154129612,0.419523899122513,0.004929384555883646,19.96173867814811,-8.231002943062954,-0.419523899122513,15.795064695331348,0,8831.839585795098,15.795064695331348,0.1421045520727444
2026-01-22 15:15:00,20949.137141427953,21000,4.316304618822782,-0.16660125494589356,0.006233892950947322,22.635672675770007,-6.391683876008919,0.16660125494589356,2.9663102627564513,0,-3490.1525377955263,2.9663102627564513,0.029886939727663677
2026-01-24 11:20:00,21269.510797781368,21300,4.292867220050252,-0.03551840543338636,0.006305356716889408,23.472633491849262,-7.060278129169242,0.0,-4.471211043104631,0,0.0,-4.471211043104631,-0.042395633900283954
2026-01-24 11:25:00,21323.185277681136,21300,4.064064013397225,0.3112564414635648,0.00613902422858305,21.733924916159495,-7.389480940216642,-0.3112564414635648,-2.401010092859906,0,6636.978770199305,-2.401010092859906,-0.022766168697126582
2026-01-24 11:40:00,21043.134556500903,21150,5.057761102552679,-0.4215475830068385,0.0046401682490500714,19.920608612780832,-5.719753119306759,0.4215475830068385,23.53231891175983,0,-8870.682511180636,23.53231891175983,0.2096982088413603
2026-01-24 13:45:00,21019.205339396663,21050,3.5105602477270397,-0.049556810449994826,0.007794957012081393,23.17461026692726,-5.629358465979642,0.0,-22.988003521339124,0,0.0,-22.988003521339124,-0.21959464351643657
2026-01-24 13:50:00,21029.12025083163,21050,3.4967520285757456,0.027829587650800347,0.00783434666284204,23.21047044791166,-5.885836572411022,0.0,-23.436810986351702,0,0.0,-23.436810986351702,-0.223881910794583
2026-01-24 13:55:00,20979.607775210505,21050,3.607330023806263,-0.3388710485601538,0.006920725999593955,21.04217768459097,-4.246211431030609,0.3388710485601538,-13.03128576880954,0,-7109.38168516634,-13.03128576880954,-0.12448234359744201
2026-01-24 14:10:00,20992.23383021016,20900,4.324681272561482,0.6478894238738326,0.004117356609406374,15.041099973011498,-6.861266722280064,-0.6478894238738326,44.40697408783444,0,13600.646282079639,44.40697408783444,0.4636214272500482
2026-01-24 14:25:00,21091.22582074894,21050,4.377344522077361,0.39389634708178584,0.005465071420686514,20.39857891152583,-7.72790446668766,-0.39389634708178584,15.917298103215217,0,8307.756806270048,15.917298103215217,0.16077195953316137
2026-01-25 12:00:00,21148.43189520151,21100,4.664848700480831,0.4082478081899916,0.005059113409680116,20.23289453678492,-8.143905225200898,-0.4082478081899916,10.558200134267281,0,8633.800967871326,10.558200134267281,0.09315768336837349
2026-01-25 12:15:00,21295.631963495718,21250,4.594597118519759,0.39776695408243135,0.005141870500017578,20.537110220645655,-8.115703938173613,-0.39776695408243135,16.810571380694455,0,8470.698661380158,16.810571380694455,0.15970386731054484
2026-01-25 12:30:00,21242.43023111018,21350,4.246671832549884,-0.4910992281849951,0.005136238487727783,18.866527881575177,-3.9909223925425223,0.4910992281849951,23.045454488659743,0,-10432.141091271815,23.045454488659743,0.2351417210634814
2026-01-25 12:45:00,21299.77509470584,21300,4.010138983326123,0.1647905881200003,0.006602582693436793,23.025708779233344,-7.159882243021069,-0.1647905881200003,0.8374136597103643,0,3510.002464680311,0.8374136597103643,0.0087738662297781
2026-01-25 13:00:00,21232.461684322912,21150,4.419971478500276,0.5917024697045465,0.004362650418676641,16.663271765744938,-7.306147839977738,-0.5917024697045465,32.09463393153146,0,12563.300016521023,32.09463393153146,0.3069815647043584
2026-01-25 13:15:00,21265.655946024737,21250,4.258620055802042,0.2532456342984586,0.006040233523479074,22.298204241694915,-7.654206497442708,-0.2532456342984586,0.2331131447581356,0,5385.434528823822,0.2331131447581356,0.0022246216912185017
2026-01-25 13:30:00,21288.757003108694,21300,4.075782610428874,0.09002608335783124,0.006599448365936154,23.367322649867436,-7.105443555528442,0.0,-9.96012506689658,0,0.0,-9.96012506689658,-0.09364288309062932
2026-01-25 13:35:00,21293.6792104986,21300,4.056847740313508,0.12291719914183519,0.006593544316458065,23.23716629769958,-7.154627158947884,0.0,-9.902153359402291,0,0.0,-9.902153359402291,-0.0930978459760358
2026-01-25 13:40:00,21270.00710880387,21300,4.078159056509732,-0.034516684989050306,0.006640830893519962,23.462823527798836,-6.70838959600457,0.0,-10.474025807357975,0,0.0,-10.474025807357975,-0.09847446368183657
2026-01-25 13:45:00,21247.772708753637,21300,4.087078522347765,-0.18054791497041278,0.00647037467560491,22.85134986089129,-6.037550505554837,0.18054791497041278,-7.890622156399331,0,-3836.241060330709,-7.890622156399331,-0.07418587649665548
2026-01-25 14:00:00,21218.824190387855,21250,3.665121934502696,-0.04795773673545872,0.007396904753135638,23.397571407178212,-5.946963587646247,0.0,-2.5492888709941326,0,0.0,-2.5492888709941326,-0.028759451764342563
2026-01-25 14:05:00,21283.169539575192,21250,3.9250320818428137,0.38390479322884086,0.006085327693267822,20.728787713569787,-7.143422540916357,-0.38390479322884086,14.71597217199178,0,8170.710801344978,14.71597217199178,0.16601621599703723
2026-01-25 14:20:00,21177.505226289446,21200,3.7380204760617692,0.015704186946598808,0.0072785455924542376,23.389749801155464,-6.288490143458038,0.0,-2.0882625228114193,0,0.0,-2.0882625228114193,-0.023320718292225085
2026-01-25 14:25:00,21251.688644274942,21200,4.053829616749385,0.4789067302174233,0.005446133302556013,19.10357999987793,-7.191443795999209,-0.4789067302174233,24.177288388417765,0,10177.576720228459,24.177288388417765,0.27000040723667773
2026-01-25 14:40:00,21205.24566114119,21300,3.982986888811804,-0.44961704586380963,0.005708887258826459,19.59912386993264,-3.993380014069181,0.44961704586380963,19.124304924555872,0,-9534.23991097867,19.124304924555872,0.2109377720558617
2026-01-25 14:55:00,21275.932758120776,21250,4.0543526998841175,0.3291435138746859,0.006104047047190949,21.473672003382056,-7.355920747300171,-0.3291435138746859,1.3325346355522925,0,7002.835268969409,1.3325346355522925,0.013038285487334687
2026-01-25 15:10:00,21363.987572918322,21300,4.389089952168614,0.5072406677953316,0.004857598635332029,18.65307519872367,-7.611326560583491,-0.5072406677953316,27.672842867691543,0,10836.683323258256,27.672842867691543,0.2797954087677188
2026-01-26 11:35:00,21312.37360283381,21250,4.565923719201111,0.4834917670803489,0.0047983967283954446,19.07559721207842,-7.897033286573404,-0.4834917670803489,18.864347808254024,0,10304.357173910701,18.864347808254024,0.1714581988645536
2026-01-26 12:00:00,21330.87819578546,21350,4.542313927786142,0.0347334654491141,0.005942204173484469,23.54137826700935,-7.745998509910827,0.0,-7.215032420166608,0,0.0,-7.215032420166608,-0.06311130088471807
2026-01-26 12:05:00,21363.293778714105,21350,4.556118277386557,0.22369590028971048,0.0056879852837719005,22.660213297792698,-8.149017791585345,-0.22369590028971048,-2.710096347169383,0,4778.881234983023,-2.710096347169383,-0.023705743236124326
2026-01-27 11:00:00,22530.21910050176,22600,4.168584687525968,-0.26135897949396675,0.0058038652640684035,23.54108520620364,-6.026981578929639,0.26135897949396675,10.706381774311012,0,-5888.475071882617,10.706381774311012,0.10817735426196502
2026-01-27 11:15:00,22567.849856805315,22500,4.265599970762097,0.5207702026191345,0.004660876838859558,19.40965507619318,-7.827120147371241,-0.5207702026191345,25.75549191029768,0,11752.66374260671,25.75549191029768,0.24373685088576355
2026-01-27 11:35:00,22503.800101017518,22400,4.8978998675497305,0.6073209794382071,0.003628483358446459,17.2518811979945,-8.25841750904056,-0.6073209794382071,39.95343834439791,0,13667.029918431583,39.95343834439791,0.3248813624382488
2026-01-27 11:50:00,22570.163408324508,22450,4.7886248291781275,0.6738827943984922,0.0032924138908009444,15.395164840773905,-7.740413213568871,-0.6738827943984922,56.830393423703754,0,15209.644787632316,56.830393423703754,0.4940972347451715
2026-01-27 14:40:00,22619.016883859305,22550,4.534060939898891,0.49915863520210596,0.004480053274389494,19.92084146046254,-8.288157929313929,-0.49915863520210596,19.22791786898324,0,11290.477597360603,19.22791786898324,0.162543954735561
2026-01-27 14:55:00,22708.41856299139,22700,4.327175095867118,0.20271379344775653,0.005674492461264036,24.271408053877984,-8.243932197053107,-0.20271379344775653,-0.7597084737153637,0,4603.309670103437,-0.7597084737153637,-0.006740817981579728
2026-01-27 15:10:00,22602.703890511384,22650,4.861402378700647,-0.10843471082086564,0.0051962225470899214,24.737727518286732,-8.17121871989617,0.0,3.9017080705507396,0,0.0,3.9017080705507396,0.03286457700121241
2026-01-27 15:15:00,22649.022038782605,22650,4.540071126923185,0.14221721322429315,0.005516554747828564,24.615213791026576,-8.500960930033838,0.0,-3.4656630837143894,0,0.0,-3.4656630837143894,-0.02919171532454343
2026-01-27 15:20:00,22613.016805018757,22650,4.31235517821041,-0.062425476510754085,0.0058946208864047835,24.891200074195158,-7.428737197459862,0.0,-10.669666412237348,0,0.0,-10.669666412237348,-0.08987193994058301
2026-01-27 15:25:00,22588.41107658579,22650,4.366161017319523,-0.203308603597601,0.005656794497038357,24.120379639717253,-6.76391205000495,0.203308603597601,-6.087772324663092,0,-4592.41831346924,-6.087772324663092,-0.051278070709554445
2026-01-28 11:55:00,22464.34536603393,22450,4.2894745778442624,0.2390183942810034,0.005710236662399603,23.693839336576904,-8.127552978730776,-0.2390183942810034,1.2154637239982549,0,5369.39175796333,1.2154637239982549,0.011057226085982632
2026-01-28 12:10:00,22548.789114757827,22500,4.621708776747512,0.39794647038797715,0.004826973873736706,21.74270995873414,-8.634983888868813,-0.39794647038797715,18.93764099733562,0,8973.211039740718,18.93764099733562,0.1704678382686345
2026-01-28 12:25:00,22621.248509325804,22700,4.327686143207605,-0.2998106301932131,0.005466072540164234,23.20352613286312,-6.042258095785259,0.2998106301932131,10.8235068927861,0,-6782.090771338251,10.8235068927861,0.1025935464649514
2026-01-28 12:40:00,22743.609078426965,22800,4.45134229485559,-0.16798256486167923,0.00556576411207406,24.565423177359115,-7.167673823587589,0.16798256486167923,2.892943033353731,0,-3820.5297872055344,2.892943033353731,0.02592258248262807
2026-01-28 12:55:00,22722.878230994254,22700,4.490524105497345,0.2737553996135398,0.005312087740775881,23.609057634190705,-8.579341253820193,-0.2737553996135398,4.843848282440376,0,6220.510610495636,4.843848282440376,0.042317184178534153
2026-01-28 13:10:00,22718.765727038855,22700,4.379944194127846,0.2578153455549035,0.005486471693984985,23.775019654010052,-8.385614274712438,-0.2578153455549035,-0.1696572379405552,0,5857.24643649742,-0.1696572379405552,-0.001465524314854586
2026-01-28 14:15:00,23016.594582180427,22950,4.730903821226071,0.46555705608063147,0.004363700209263252,20.963841128473938,-8.825725208006507,-0.46555705608063147,28.214463127045747,0,10715.538014681331,28.214463127045747,0.2473904591847733
2026-01-29 12:20:00,22991.768779319802,22950,4.444194501577487,0.3726888716868373,0.005012943317465703,22.57461313454253,-8.557620604088104,-0.3726888716868373,-0.46195158156024263,0,8568.77636444935,-0.46195158156024263,-0.0036651842338976327
2026-01-29 12:35:00,22962.71921655399,22950,4.3861487306769975,0.22333481501468455,0.005496235063939926,24.366041615213636,-8.46161187801107,-0.22333481501468455,-0.9192151771603676,0,5128.3746484632275,-0.9192151771603676,-0.007894744006097503
2026-01-29 12:50:00,23003.656991143274,23000,4.133988257262067,0.1831391610177493,0.005899744390570281,24.739214111341752,-7.983560960838261,-0.1831391610177493,-6.5820601322666334,0,4212.870441698063,-6.5820601322666334,-0.0575865775283307
2026-01-29 13:05:00,23044.02669106071,23050,3.3185135360374254,0.1555545970892631,0.007392364834152237,24.97085560159118,-6.49705569472265,-0.1555545970892631,-12.292350559091574,0,3584.604287242174,-12.292350559091574,-0.12503161105027855
2026-01-29 13:20:00,23038.274981518167,23000,3.7855496555951946,0.41032819869048076,0.005713569177274697,22.005237023211343,-7.489010235995849,-0.41032819869048076,5.777355770309441,0,9453.253874102318,5.777355770309441,0.05557232324709162
2026-01-29 15:20:00,23606.24598952102,23650,5.0156158159870925,-0.07772760638060783,0.0048442520023942535,25.953417058188585,-8.979402936793441,0.0,0.7955872953953076,0,0.0,0.7955872953953076,0.0060866184083634665
2026-01-29 15:25:00,23747.7566663494,23650,5.399737688155825,0.5219480320822352,0.00349515693384456,20.391944379096287,-9.881670778840283,-0.5219480320822352,44.316685211659205,0,12395.094858368851,44.316685211659205,0.33904356387806245
2026-01-30 11:00:00,23696.12619700728,23750,3.9027626479241175,-0.16221649143676675,0.006102308742795997,25.633666102341873,-6.500374125946938,0.16221649143676675,4.379726677094368,0,-3843.9024523213757,4.379726677094368,0.04378434761160852
2026-01-30 14:45:00,23606.91995885266,23700,4.905842887857814,-0.31572887796596,0.004581264008434877,24.008626138784038,-7.169194528687748,0.31572887796596,11.86037506618868,0,-7453.386350840778,11.86037506618868,0.0934817076981258
2026-01-31 09:30:00,23640.2505866634,23600,4.201602057037833,0.3783836541150234,0.0051366579443830815,23.12008430451611,-8.39240270448683,-0.3783836541150234,-3.2520245695041012,0,8945.084401176522,-3.2520245695041012,-0.025861070372485456
2026-01-31 09:45:00,23605.1051536563,23650,3.374776357047974,-0.1256844427914101,0.0071443233894698,25.751805276237636,-5.70834426996757,0.0,-6.864228184014792,0,0.0,-6.864228184014792,-0.07148043043145086
2026-01-31 09:50:00,23567.15281540255,23650,3.4171148462915357,-0.38047421400447673,0.006327789087173323,23.00911529483541,-4.131234223829563,0.38047421400447673,3.871620246191924,0,-8966.693943763676,3.871620246191924,0.040316999121531846
2026-01-31 10:05:00,23530.344572906488,23650,4.903870540745787,-0.4342283665048552,0.004235072361075668,22.041751601415843,-6.020538642509065,0.4342283665048552,29.574895119779285,0,-10217.543087189568,29.574895119779285,0.2487770167163107
2026-01-31 10:20:00,23486.195845673927,23400,5.080627338329735,0.5096358817268782,0.003807258311670758,20.452421694857165,-9.366966546287907,-0.5096358817268782,32.0650468171043,0,11969.408128220177,32.0650468171043,0.24811924536530858
2026-02-01 09:20:00,23879.051481664428,23750,4.649561823322024,0.6940200300554791,0.003073667769577759,15.620423052520714,-7.884813595994461,-0.6940200300554791,55.466048402981414,0,16572.54002700108,55.466048402981414,0.44218952263483646
2026-02-01 09:35:00,23906.614091758758,23900,4.581680563978285,0.18043319627497723,0.005126300162976322,25.730882362081026,-9.113641802512948,-0.18043319627497723,-3.576910557332667,0,4313.546792688445,-3.576910557332667,-0.02804668297111636
2026-02-01 09:50:00,23946.64033882252,23900,4.590119300723319,0.3765241311047589,0.004647736225156909,23.45007990574416,-9.152200225696511,-0.3765241311047589,11.914966231134713,0,9016.487946453319,11.914966231134713,0.09650679007523622
2026-02-01 10:05:00,23879.461778322526,23950,4.607637721866334,-0.2196693970674759,0.0050379393560621944,25.372895259589342,-7.471718286833809,0.2196693970674759,0.7606631463404483,0,-5245.5869711399455,0.7606631463404483,0.0060513298738009945
2026-02-01 12:10:00,23855.27275842918,23850,3.561527607271041,0.22093619698409794,0.006521305224322517,25.33549034468561,-7.298788967310864,-0.22093619698409794,-0.33204501916407025,0,5270.493241265694,-0.33204501916407025,-0.003397740968852313
2026-02-01 12:25:00,24030.133915034192,24000,2.9605877757896466,0.44397908002955044,0.0068114410431767665,22.3212763276444,-6.461360507321085,-0.44397908002955044,12.792110769657484,0,10668.87674858378,12.792110769657484,0.1622550928413986
2026-02-01 12:40:00,23863.54474422668,23950,3.7178422605135935,-0.3663188544273619,0.005798354437111272,23.53180968803035,-4.79727860004375,0.3663188544273619,16.60508377320366,0,-8741.66637328121,16.60508377320366,0.17936648636493152
2026-02-01 12:55:00,23791.818206808646,23800,3.78137852403996,0.12445979578640465,0.006327621393251673,25.961847993619322,-7.4859719582398565,0.0,-1.9739173831094377,0,0.0,-1.9739173831094377,-0.019259104126694775
2026-02-01 13:00:00,23795.053943361847,23800,3.7152916189631187,0.14731273833871805,0.0064089360026174675,25.83011526202939,-7.421456530857093,0.0,-3.2718234369676793,0,0.0,-3.2718234369676793,-0.03192250536720026
2026-02-01 13:05:00,23825.334931010642,23800,3.6105886381782524,0.34396706976455255,0.00606968980326637,23.82215025809779,-7.482912884024209,-0.34396706976455255,1.5393247749179864,0,8195.130642378768,1.5393247749179864,0.015018873828572425
2026-02-01 13:20:00,23852.85069238919,23850,3.5053331555966087,0.20824811614351169,0.0066563654258859125,25.447008478965735,-7.175462381797644,-0.20824811614351169,-0.23129928385606036,0,4967.311221342507,-0.23129928385606036,-0.0024174818475391304
2026-02-01 13:35:00,23647.246725032877,23650,4.216000332021586,0.14285436614689817,0.005687582800222699,25.7027286994673,-8.280963595011075,0.0,-2.17871150006431,0,0.0,-2.17871150006431,-0.019115552080469465
2026-02-01 13:40:00,23578.51107605214,23650,4.162740595622267,-0.25332125365652614,0.005574417200827022,24.716426771883427,-6.35581879932388,0.25332125365652614,0.23581221366475802,0,-5972.937985139814,0.23581221366475802,0.0020689662910332186
2026-02-01 13:55:00,23821.5513493178,23700,4.909132602074143,0.6451782747272623,0.0032119029794170115,17.151296767581663,-8.51398394371149,-0.6451782747272623,55.08530989141491,0,15369.147400879745,55.08530989141491,0.44121889006001364
2026-02-01 14:10:00,23901.742724845197,23900,4.8659692245015576,0.14669923600618912,0.0048710408128638805,25.956131115995273,-9.580965046354573,0.0,1.7455813957749342,0,0.0,1.7455813957749342,0.013556313896446019
2026-02-01 14:15:00,23882.299743580865,23900,4.7013360183757715,0.05266578695481949,0.005122808280751634,26.318176739721654,-9.033014613610682,0.0,-4.545529808490755,0,0.0,-4.545529808490755,-0.03530091983032218
2026-02-01 14:20:00,23846.93802128387,23900,4.450414600384545,-0.13597835863205648,0.005353761843208381,25.946763207668532,-7.707818611835092,0.0,-9.745564559691047,0,0.0,-9.745564559691047,-0.07568477333055033
2026-02-01 14:25:00,23829.51032273889,23900,4.436344563529914,-0.229004345154731,0.00522914779346811,25.213262571841803,-7.0884309683706,0.229004345154731,-6.948482634164975,0,-5457.061406816722,-6.948482634164975,-0.05396242874765926
2026-02-01 14:40:00,23826.232641511193,23800,4.409504172230837,0.29002177487580805,0.005118808648691772,24.56173871630909,-8.855489746735522,-0.29002177487580805,2.489825718505017,0,6910.126279294988,2.489825718505017,0.020537031201944257
2026-02-01 14:55:00,23920.691198541557,23850,4.539904476846009,0.4888073883285138,0.004276599422224634,21.29523492570519,-8.807352493411718,-0.4888073883285138,26.271826705374224,0,11692.610591771965,26.271826705374224,0.22233509318184008
2026-02-02 10:50:00,23139.57830724175,23200,4.77996719521997,-0.1717546010139943,0.005089136388318994,24.96718531321103,-7.854782743161797,0.1717546010139943,2.8742983992378868,0,-3974.3290397923847,2.8742983992378868,0.023491858749603113
2026-02-02 11:05:00,23110.688028951223,23250,4.797325477072829,-0.5336114842615021,0.003986872052158442,19.581543925406503,-4.660706695275488,0.5336114842615021,37.7184149737659,0,-12332.12854143319,37.7184149737659,0.323687031113187
2026-02-03 11:00:00,23988.617582508854,24000,3.810681447144775,0.10400090148427382,0.0062506755804528,26.274214737444265,-7.548548251982741,0.0,-31.913260332334175,0,0.0,-31.913260332334175,-0.23871516384290645
2026-02-03 11:05:00,24022.48350144621,24000,3.3076954054796306,0.35296857122988184,0.006532535554116852,23.890058525681475,-7.0279223364387935,-0.35296857122988184,-37.08035745652069,0,8479.181678898878,-37.08035745652069,-0.27736569417880763
2026-02-03 11:20:00,24113.86855928138,24100,3.3578025761638703,0.29119969245415533,0.006637978776782307,24.843598067597895,-7.100123579975117,-0.29119969245415533,4.104684199339317,0,7021.951108342664,4.104684199339317,0.04493422821273424
2026-02-03 11:45:00,24332.181593045432,24450,4.696212719350163,-0.42641380749062957,0.004304688951634898,22.942531271448416,-5.970141471986997,0.42641380749062957,36.08774486505081,0,-10375.578197643916,36.08774486505081,0.3277439859882977
2026-02-03 12:00:00,24507.475688788938,24450,4.600786284320052,0.41929342373210354,0.004387976621216569,23.242520579285653,-9.307654543683952,-0.41929342373210354,20.10874220596361,0,10275.823388583607,20.10874220596361,0.16412388720713741
2026-02-03 12:15:00,24482.65778227182,24550,4.913068004082354,-0.1829458427471342,0.004664584843895404,26.331317797386074,-8.486391938479022,0.1829458427471342,7.079270199823441,0,-4479.000460667402,7.079270199823441,0.054645275670959316
2026-02-03 12:30:00,24380.401314472816,24400,4.896352974802091,0.04347342317680497,0.004820436413294153,26.89245651680847,-9.562550069310985,0.0,-2.192370216940617,0,0.0,-2.192370216940617,-0.01633509386760946
2026-02-03 12:35:00,24414.85058254225,24400,4.799721988763348,0.21125131525468377,0.004745630615545502,26.0131095203726,-9.752960713143452,-0.21125131525468377,-0.4066531907319586,0,5157.669297308633,-0.4066531907319586,-0.003029925325038915
2026-02-03 12:50:00,24477.339807797784,24550,5.084442407092923,-0.2006319009477373,0.004483425792219579,26.18010900590184,-8.682021506762155,0.2006319009477373,8.049004538561348,0,-4910.935215782192,8.049004538561348,0.06002244522851271
2026-02-03 13:20:00,24479.88094373595,24550,4.489453801440743,-0.2143983578746247,0.005053285690187945,26.06007490760454,-7.477485252841526,0.2143983578746247,4.896410583933175,0,-5248.446275303305,4.896410583933175,0.04040514353121078
2026-02-03 13:35:00,24535.66775905436,24500,3.9396856174305492,0.36897978951307553,0.005312442922225836,24.151344149883275,-8.268408319484744,-0.36897978951307553,6.989054338275309,0,9053.165525298631,6.989054338275309,0.06263277652051939
2026-02-03 13:50:00,24500.137554460605,24450,3.7821906390699205,0.46042503267365126,0.005152460489691615,22.422541126188754,-7.895085480752034,-0.46042503267365126,16.953516484614738,0,11280.476634021474,16.953516484614738,0.163420078455016
2026-02-03 14:05:00,24544.71641615436,24600,3.9249676437249192,-0.1582490913222046,0.005864016975508567,26.578901976885167,-6.798865691625775,0.1582490913222046,0.3021897996623011,0,-3884.179069617626,0.3021897996623011,0.0027889992748500515
2026-02-03 14:20:00,24529.177838088766,24600,3.886895337803454,-0.25053156562590506,0.0057440085220480585,25.749784820521928,-6.124188379739605,0.25053156562590506,-0.6874660855519323,0,-6145.333327292632,-0.6874660855519323,-0.006164497148473435
2026-02-04 14:15:00,24898.794126308578,24900,4.505376339655474,0.14263965883793078,0.0050549972872422225,27.064395274515913,-9.277127037302321,0.0,-0.2498831229731877,0,0.0,-0.2498831229731877,-0.0019827436649047184
2026-02-04 14:20:00,24853.891781642655,24900,4.2684270535059134,-0.09249564405965915,0.005397086481219902,27.264036905240147,-7.923422239278711,0.0,-7.994331556386896,0,0.0,-7.994331556386896,-0.06343249620053279
2026-02-04 14:25:00,24708.656584959586,24900,4.165078095642796,-0.7441154055533779,0.002938164230532127,14.307241422689778,-1.2107206510193094,0.7441154055533779,54.86312349321861,0,-18386.09201539634,54.86312349321861,0.4353215585301309
2026-02-04 14:40:00,24829.014378953856,24850,4.5123401556302385,0.04146078621737326,0.00513685176671752,27.390976959795317,-8.981622869890064,0.0,-2.901074030023665,0,0.0,-2.901074030023665,-0.022880175720300502
2026-02-04 14:45:00,24833.045743169514,24850,4.3906771854828275,0.06367392403437666,0.0052699396663432345,27.33828344331183,-8.822418974074871,0.0,-6.04996940638739,0,0.0,-6.04996940638739,-0.04771486755870771
2026-02-04 14:50:00,24864.137630330002,24850,4.41168293345898,0.22391014035580686,0.005047976235778294,26.36494191106333,-9.215011283285389,-0.22391014035580686,-1.0249723422039096,0,5567.33254663329,-1.0249723422039096,-0.008083746590183405
2026-02-04 15:05:00,24770.07510456068,24700,4.571884676548467,0.4728964064977697,0.004166484336950405,22.40316438631462,-9.22075806405955,-0.4728964064977697,20.459712037434656,0,11713.679505626613,20.459712037434656,0.1594353186667084
2026-02-04 15:20:00,24639.452764202124,24700,4.820481557489712,-0.1523192948395835,0.004763347488070405,26.721110599388734,-8.566246744744817,0.1523192948395835,-0.45027205618316657,0,-3753.064070276494,-0.45027205618316657,-0.0033541980508748456
2026-02-05 09:20:00,24605.101612878105,24700,5.006070145350741,-0.30049968244081526,0.004342800452077191,25.22939458327656,-7.786415839872395,0.30049968244081526,10.638112428199747,0,-7393.825221093862,10.638112428199747,0.07832598561172482
2026-02-05 10:00:00,24597.78154944983,24550,4.722112440452886,0.36635051560150966,0.004428832025739337,24.25532575948627,-9.643181704805604,-0.36635051560150966,3.9108815620556925,0,9011.409953294247,3.9108815620556925,0.028279937408124883
2026-02-05 10:15:00,24627.75355464838,24650,4.761844615452095,0.032539839477738974,0.00491002641689784,27.183060068394067,-9.360836663050142,0.0,-3.296829689976221,0,0.0,-3.296829689976221,-0.024802944988412772
2026-02-05 10:20:00,24578.536878486935,24650,4.581900574564919,-0.21542272090353642,0.004930885983419365,26.149102554227838,-7.674926182899687,0.21542272090353642,-3.7087664524460706,0,-5294.775290191568,-3.7087664524460706,-0.027902057110979903
2026-02-05 15:05:00,24746.94697236635,24700,4.374890158251933,0.38742936224287666,0.004682408971641652,24.04747325844327,-9.072369563860414,-0.38742936224287666,4.895105533723836,0,9587.693882962183,4.895105533723836,0.03784727731057703
2026-02-05 15:20:00,24866.99027426089,24800,4.379439658951265,0.4762741317412824,0.00431839393885164,22.416972126408524,-8.939186343885831,-0.4762741317412824,26.006287202345447,0,11843.50420189252,26.006287202345447,0.22140213433576406
2026-02-06 10:55:00,25138.80364837092,25150,4.7995538257495935,0.08710831249605566,0.0047478963587186075,27.604571285756656,-9.806183012825214,0.0,-5.012272152533114,0,0.0,-5.012272152533114,-0.036059874743878534
2026-02-06 11:00:00,25116.616208602725,25150,4.812570104568838,-0.018748121863868483,0.004767546001245118,27.731178991218385,-9.442837415167421,0.0,-5.443770292076806,0,0.0,-5.443770292076806,-0.03916420914365738
2026-02-06 11:05:00,25092.95164236721,25150,4.829865622362177,-0.1306778595377152,0.004693497551609617,27.333394247769547,-8.882464216559724,0.0,-3.2264320828235213,0,0.0,-3.2264320828235213,-0.02321197517526033
2026-02-06 11:10:00,25037.33843529617,25150,4.9119315128937515,-0.3746519633256893,0.004162512689373194,24.531653232839936,-7.05713014332311,0.3746519633256893,13.095469315528135,0,-9380.288001233452,13.095469315528135,0.09421295748906952
2026-02-06 12:00:00,25357.029335817046,25350,4.389096649478417,0.1880638285389828,0.005033602834352781,27.229554389128328,-9.304042141193424,-0.1880638285389828,-1.5010703234238463,0,4768.740017269053,-1.5010703234238463,-0.011751789126592757
2026-02-06 12:15:00,25351.252688136683,25400,4.691151110474084,-0.09190959683339384,0.004813624381897297,27.8189137062605,-8.92147575383641,0.0,-2.5711309532671294,0,0.0,-2.5711309532671294,-0.019056484537085444
2026-02-06 12:20:00,25363.48917876282,25400,4.627717053431106,-0.033423870858839466,0.004906772593945965,27.986902725147523,-9.099602447679764,0.0,-5.141985484244287,0,0.0,-5.141985484244287,-0.03811092031150952
2026-02-06 12:25:00,25380.731392809597,25400,4.582911033522334,0.0515703120790425,0.004946601062775297,27.96501145342839,-9.36202431789842,0.0,-6.274510889152225,0,0.0,-6.274510889152225,-0.04650487350127623
2026-02-06 12:30:00,25364.971595488274,25400,4.592747519183152,-0.026545580161126292,0.00494790498304741,27.98371100780174,-9.066563059540057,0.0,-6.228165323029316,0,0.0,-6.228165323029316,-0.046161373469486164
2026-02-06 12:35:00,25400.697217567573,25400,4.58821925723661,0.14941340870435438,0.004862748487878388,27.53873357551332,-9.65008558055545,0.0,-4.183818479052206,0,0.0,-4.183818479052206,-0.03100926152778
2026-02-06 12:40:00,25371.769993030684,25400,4.604460702710914,0.006954172495310884,0.004938996023851403,27.99172635363003,-9.241497668943106,0.0,-6.030393054108572,0,0.0,-6.030393054108572,-0.04469554218626685
2026-02-06 12:45:00,25424.866094264806,25400,4.603342785089234,0.26398014663581093,0.004658871573060994,26.495125896887025,-9.823138899300192,-0.26398014663581093,1.1638830216361384,0,6711.659879759881,1.1638830216361384,0.00862636684319867
2026-02-06 13:00:00,25472.664315806815,25350,4.787395990003125,0.6345936315219443,0.0031374634753998393,18.68170343241482,-9.018239093374351,-0.6345936315219443,56.47350227738298,0,16164.790552707287,56.47350227738298,0.4376774392324121
2026-02-06 13:15:00,25366.07050126114,25300,4.393456877031477,0.4653239896291046,0.0042645781453888336,23.108860644014758,-9.17193863929561,-0.4653239896291046,11.35553521401198,0,11803.441126859974,11.35553521401198,0.0845797192713406
2026-02-06 13:30:00,25428.302464118133,25400,4.3705790244645595,0.29392585460910636,0.004829520671613203,26.161789197192206,-9.378406575352981,-0.29392585460910636,7.320755654900495,0,7474.035533024768,7.320755654900495,0.05913719112518936
2026-02-06 13:45:00,25573.039753133493,25550,4.193160421212667,0.2783617955607602,0.005043815742073956,26.512769518286515,-9.094338630442016,-0.2783617955607602,0.7162156674803555,0,7118.557263628938,0.7162156674803555,0.005732894501027418
2026-02-06 14:10:00,25644.394617302212,25700,4.370549123805401,-0.13094315298061998,0.005072419837934955,27.946395376228455,-8.156051190828887,0.0,2.978189477467822,0,0.0,2.978189477467822,0.024284334811135188
2026-02-06 14:15:00,25713.016248183852,25700,4.45068028351472,0.21427978858424623,0.004854262332237664,27.367164507602155,-9.593031098840344,-0.21427978858424623,8.179803349938084,0,5509.779685524124,8.179803349938084,0.06669860488797186
2026-02-06 14:35:00,25596.07822161371,25650,5.00731601966917,-0.10674627091723887,0.004456118428708471,28.02194532467992,-9.554806806790001,0.0,3.0463038337074977,0,0.0,3.0463038337074977,0.021767916750651442
2026-02-06 14:40:00,25590.466810270096,25650,4.646529690368191,-0.14233162742669014,0.004770476643435374,27.811282769198552,-8.618893118557896,0.0,-6.363267888085829,0,0.0,-6.363267888085829,-0.04546988521541086
2026-02-06 14:45:00,25611.063460740428,25650,4.3203482097032,-0.04699015126215178,0.005201881484960591,28.228828283701397,-8.506339281084351,0.0,-17.51778347756226,0,0.0,-17.51778347756226,-0.12517650018232784
2026-02-06 14:50:00,25622.898862645536,25650,4.121558866135584,0.015045030483543664,0.005460114665129595,28.27889394292444,-8.385979468678809,0.0,-23.361360342216358,0,0.0,-23.361360342216358,-0.16693283889953703
2026-02-06 14:55:00,25667.05581918449,25650,4.11436627490479,0.252059799365981,0.005187676573975846,26.900148168343552,-8.968558450091543,-0.252059799365981,-17.651608592675984,0,6469.632940099078,-17.651608592675984,-0.12613277182296603
2026-02-06 15:10:00,25655.711318702673,25650,4.201628991949207,0.1888099702907537,0.005195783957794623,27.543974301176956,-9.046679118458751,-0.1888099702907537,-3.28389392288409,0,4844.054091872405,-3.28389392288409,-0.026149918194868567
2026-02-06 15:25:00,25681.80301022087,25750,4.249257634827896,-0.19921819974423283,0.00511540689888111,27.481090820162613,-7.483649221527842,0.19921819974423283,6.100469610126311,0,-5116.282561882221,6.100469610126311,0.051501890614644656
2026-02-07 09:25:00,25553.0198194972,25500,4.42178978961812,0.4040292288901521,0.004431608164315866,24.526388779689604,-9.424167672124632,-0.4040292288901521,3.8251876626982266,0,10324.166893486226,3.8251876626982266,0.027776123194916062
2026-02-07 09:40:00,25669.587755007542,25700,4.643566604775375,-0.001647643327275794,0.004834746559934583,28.356516534436164,-9.381453048272661,0.0,-4.745938483336431,0,0.0,-4.745938483336431,-0.034787783262141755
2026-02-07 09:45:00,25647.81457224526,25700,4.652882708294202,-0.10651603141961674,0.004787264535947811,28.07271235079937,-8.868238407481495,0.0,-3.3346939716193447,0,0.0,-3.3346939716193447,-0.02444334488059165
2026-02-07 09:50:00,25646.60568427,25700,4.043993049315047,-0.12989757954684972,0.005485468235537678,27.94102390386001,-7.516253140415459,0.0,-20.276929368421406,0,0.0,-20.276929368421406,-0.14863012375046772
2026-02-07 09:55:00,25627.753896974715,25700,3.8388998419482863,-0.24432218143512063,0.005585047879746783,26.952397047182238,-6.357216947685085,0.24432218143512063,-22.426809918346407,0,-6261.428737391276,-22.426809918346407,-0.1643887727242967
2026-02-07 10:10:00,25479.490204294852,25600,4.478827847069322,-0.43292240462383486,0.004286998769137687,23.894001991178133,-5.810512103026152,0.43292240462383486,27.824583842944776,0,-11030.642167832773,27.824583842944776,0.23418160442012334
2026-02-07 13:55:00,25745.484908332946,25750,4.324036415061979,0.13169723818816692,0.00510604260375761,28.052116071986724,-9.205356820369314,0.0,-7.21727572666714,0,0.0,-7.21727572666714,-0.05477579298439621
2026-02-07 14:00:00,25652.267083503848,25750,4.49324463621992,-0.3280557491990521,0.004572195670721871,25.900639827806813,-6.914782593077819,0.3280557491990521,7.129222185065373,0,-8415.373696733039,7.129222185065373,0.054107507228248634
2026-02-07 14:15:00,25640.166867839445,25750,4.662279624554988,-0.3693410868482827,0.004294657087699003,25.232379200176066,-6.826109694775312,0.3693410868482827,18.8226753800991,0,-9469.967097939149,18.8226753800991,0.14632500027479858
2026-02-07 14:30:00,25584.675908583744,25550,3.965191829805133,0.3539762487558278,0.005112035487183858,25.43358618265439,-8.675512521076875,-0.3539762487558278,6.7779529964973335,0,9056.367603754074,6.7779529964973335,0.05812234072373508
2026-02-07 14:50:00,25494.256474751164,25500,4.428178025429126,0.12232555682505009,0.005044677558865512,27.8312610175931,-9.299275809057258,0.0,-1.759660804118539,0,0.0,-1.759660804118539,-0.013765873380714992
2026-02-07 14:55:00,25535.82976962797,25500,4.535522987055792,0.3181254581949895,0.004576040445225466,25.929329687858854,-9.72123390491096,-0.3181254581949895,10.343991576146436,0,8123.597545852151,10.343991576146436,0.08092132185654002
2026-02-07 15:10:00,25482.597630801643,25500,4.4478699863895415,0.06295527789029953,0.005068678407062208,28.062342011245736,-9.163049082240018,0.0,-3.3118843900429056,0,0.0,-3.3118843900429056,-0.0257033154494913
2026-02-07 15:15:00,25433.239758664466,25500,4.45839219875574,-0.18612822272841362,0.004944663501080607,27.320742420078336,-7.909760184881421,0.18612822272841362,0.01924414575478295,0,-4733.843714505844,0.01924414575478295,0.00014935254092150448
2026-02-08 09:15:00,25616.88577662535,25500,5.016937775689197,0.6080582237196603,0.003286934531196668,18.55033968166144,-9.967979420692295,-0.6080582237196603,45.09114576733191,0,15576.558062564241,45.09114576733191,0.33468267094884946
2026-02-08 09:30:00,25472.913616687063,25550,4.87133597825347,-0.21600865268127767,0.004473026927890216,27.101700442422477,-8.506870189155833,0.21600865268127767,0.9704657688689622,0,-5502.3697502071445,0.9704657688689622,0.006859258225388622
2026-02-08 11:25:00,24907.79696555833,24950,4.503673911777812,-0.06689409570091248,0.005119328938354725,27.418286221155835,-8.530246796395884,0.0,-5.1073825158619,0,0.0,-5.1073825158619,-0.0394304136889619
2026-02-08 11:30:00,25034.725523355304,24950,5.061551515642526,0.4852513641413179,0.003679330265704865,22.362081026598133,-10.062146653904094,-0.4852513641413179,38.42447790895676,0,12148.13471111163,38.42447790895676,0.2966476575872567
2026-02-08 11:45:00,25069.551103078265,25050,4.599643517619225,0.24062136697276992,0.004768724270091861,26.42464731538217,-9.655752909952643,-0.24062136697276992,6.714620422426378,0,6032.269655816404,6.714620422426378,0.053144982359595985
2026-02-08 12:00:00,25158.35029944226,25150,4.115156165392599,0.20743289487235383,0.005377238792357002,26.847241030325502,-8.733832236000753,-0.20743289487235383,-4.488351358966611,0,5218.669432826058,-4.488351358966611,-0.036604892357702895
2026-02-08 12:15:00,25074.30277763482,25150,3.6336476720634168,-0.28716573000591383,0.0059109628761669225,25.885018293175584,-5.520368747428835,0.28716573000591383,-7.3478470809513965,0,-7200.480461528816,-7.3478470809513965,-0.06393387394936347
2026-02-08 12:30:00,25069.58016338799,25100,3.2812945068919834,-0.00917600605492791,0.007005259356326455,27.691931617366333,-6.440851339886162,0.0,-5.001959787185115,0,0.0,-5.001959787185115,-0.052166382783075615
2026-02-08 12:35:00,25061.850385007838,25100,3.281084869351931,-0.06339158225914532,0.00698793459316829,27.59095135017611,-6.196586084903938,0.0,-4.749163941702136,0,0.0,-4.749163941702136,-0.0495299271931642
2026-02-08 12:50:00,24905.247310525352,24900,3.866063577382016,0.20275448313482397,0.005790987829386391,26.619081106124177,-8.166483323015054,-0.20275448313482397,-0.32219729903226835,0,5049.650545790532,-0.32219729903226835,-0.002928253329489189
2026-02-08 13:15:00,24976.23497722559,24900,4.213272534821178,0.5310170013681828,0.004213402376988876,21.22736705801732,-8.547868011581311,-0.5310170013681828,36.973858512064,0,13262.805403073455,36.973858512064,0.34249097712977217
2026-02-08 13:30:00,25082.71077442437,25000,4.645573251658027,0.5133003386281305,0.003883045607679726,21.754566970768387,-9.31278042306155,-0.5133003386281305,40.8553737655302,0,12874.963934223486,40.8553737655302,0.3486293801160757
2026-02-09 11:00:00,25201.469562624807,25200,4.484263865353747,0.1567558219147715,0.005000771550820005,27.300437437229075,-9.377291415893536,-0.1567558219147715,-4.571370344852767,0,3950.4770747493485,-4.571370344852767,-0.03471280717307225
2026-02-09 11:15:00,25331.817911336082,25350,4.395095500785221,0.0590989082549902,0.005161988370687484,27.906652952766972,-8.991065511377657,0.0,-7.159203023533337,0,0.0,-7.159203023533337,-0.05488798201360964
2026-02-09 11:20:00,25374.28586884396,25350,4.197221961999633,0.2853338403224992,0.005062594692758092,26.211801286140112,-9.035732146484774,-0.2853338403224992,-5.292054537254444,0,7240.14243239817,-5.292054537254444,-0.040572979045439224
2026-02-09 11:35:00,25459.359792234616,25450,2.7984979923677913,0.3061820252274967,0.007485461013194315,26.027245457577177,-6.472733525307717,-0.3061820252274967,1.529565889184596,0,7795.198342181895,1.529565889184596,0.018411825164517406
2026-02-09 11:50:00,25384.267897768,25500,3.1842940931933033,-0.5579371683905909,0.005305793333738194,20.86807958346213,-2.401787503383665,0.5579371683905909,35.05676357069842,0,-14162.826552548857,35.05676357069842,0.4397265255241535
2026-02-09 12:05:00,25186.026240506522,25150,4.075541007408844,0.35472068483246955,0.005049937141255137,25.02535465028948,-8.736821136659529,-0.35472068483246955,4.381140460262941,0,8934.004476241022,4.381140460262941,0.03635401893168612
2026-02-10 09:15:00,25228.23175073464,25350,4.733328011421637,-0.45674457461558093,0.004242359454465766,21.90872594947086,-6.368453775674725,0.45674457461558093,14.487672656587165,0,-11522.857979292587,14.487672656587165,0.10882789388428675
2026-02-10 09:40:00,25248.635096660793,25150,4.236553037601166,0.6136936933366277,0.0037018400313006293,19.164425514217577,-8.323174668229775,-0.6136936933366277,25.72428348960875,0,15494.928124178565,25.72428348960875,0.19264124443096592
2026-02-10 11:35:00,25627.508775596667,25700,4.372873033597173,-0.2155783291117448,0.004953607051769584,27.270361858954494,-7.592755269808765,0.2155783291117448,2.46706559922859,0,-5524.735521139706,2.46706559922859,0.019557816567721677
2026-02-10 11:50:00,25520.645922133343,25600,4.789002570320746,-0.22929936039352877,0.004519207030637087,27.019688005459997,-8.262130681665937,0.22929936039352877,9.549558919932679,0,-5851.867786774894,9.549558919932679,0.07266261192088522
2026-02-10 12:45:00,25838.750745758105,25750,3.896221140051453,0.6067512707058704,0.0039761003364045125,19.825934038954188,-8.073007879499297,-0.6067512707058704,33.68901897780597,0,15677.694848440988,33.68901897780597,0.292467696859936
2026-02-10 13:00:00,26004.218627120954,25950,3.9839771326116993,0.4445845591751836,0.0046749986887849515,24.14213343449301,-8.752054471073714,-0.4445845591751836,18.452847391391515,0,11561.074075033666,18.452847391391515,0.1605439238028215
2026-02-10 13:15:00,25936.557237259196,25950,3.6543908047429805,0.10140280321296502,0.006031031109637561,28.41979316757352,-7.837036029232324,0.0,-8.583211244884296,0,0.0,-8.583211244884296,-0.07524565521457911
2026-02-10 13:20:00,25890.172000643764,25950,3.768406848449865,-0.17375346509325013,0.005767616253960286,27.912460839869688,-6.763072909424983,0.17375346509325013,-3.6073665143558173,0,-4498.507096972098,-3.6073665143558173,-0.03162437102239757
2026-02-10 13:35:00,25790.004066531037,25850,3.2399214561468335,-0.20464934881525915,0.006668856088023199,27.547256128189666,-5.494931390345354,0.20464934881525915,0.24117751006997423,0,-5277.907538158462,0.24117751006997423,0.002531791749128929
2026-02-10 13:50:00,25673.455258096234,25650,3.7482670671294365,0.3110985748719248,0.005527472738863218,26.176735147446422,-8.305971318124517,-0.3110985748719248,4.471549986137688,0,7986.975342831864,4.471549986137688,0.040645269109337114
2026-02-10 14:05:00,25663.778252271142,25600,3.742992239750024,0.5189896493632857,0.004680330329467298,22.11700514981749,-8.083989768110996,-0.5189896493632857,17.23324831517948,0,13319.235276483318,17.23324831517948,0.15147133538592608
2026-02-10 14:20:00,25551.53154003069,25600,4.138314449907499,-0.1011862343761949,0.005406218448579522,27.998879342782786,-7.836026614492825,0.0,-5.412888246930379,0,0.0,-5.412888246930379,-0.04391746642836461
2026-02-10 14:25:00,25480.37256548779,25600,3.981514734158595,-0.47689377308747205,0.004633977467981208,22.950275678168463,-4.513784847049991,0.47689377308747205,11.310848152587823,0,-12151.431012429981,11.310848152587823,0.09177056154804349
2026-02-10 14:40:00,25452.26857411208,25450,3.815552819386423,0.1875212590803319,0.005769533069130454,27.336369099241228,-8.220407218132603,-0.1875212590803319,-12.313148190272841,0,4772.841449468261,-12.313148190272841,-0.10054568168793672
2026-02-10 14:55:00,25371.23465085979,25300,4.362291430369561,0.4900921494473649,0.004190746568596861,22.556877255812584,-9.05179618550353,-0.4900921494473649,27.931777839708047,0,12434.242924173339,27.931777839708047,0.23386099087907247
2026-02-10 15:10:00,25317.57442188403,25300,4.5144411062546945,0.2344758949224186,0.0048228661177142015,26.751188813548296,-9.584679483794,-0.2344758949224186,4.701981862855973,0,5936.360919836193,4.701981862855973,0.037054588291053125
2026-02-11 11:50:00,25218.51892132115,25250,3.2215929742842357,-0.0156500079946999,0.007092043871638009,27.852933043875595,-6.33289003089634,0.0,-9.734624908616752,0,0.0,-9.734624908616752,-0.0978271506878103
2026-02-11 11:55:00,25271.488285952288,25250,3.48240828368773,0.323593003763961,0.006003655264232328,25.581805113979147,-7.696585293034664,-0.323593003763961,5.829672758180095,0,8177.676804037055,5.829672758180095,0.0585847200820544
2026-02-11 12:10:00,25350.85710016966,25300,3.266942420261164,0.5163925135275984,0.005444439383515324,21.91137540692322,-7.24903314557377,-0.5163925135275984,20.42660658972636,0,13090.992818035575,20.42660658972636,0.22125078806412293
2026-02-11 12:25:00,25359.971969175323,25350,3.228912529685148,0.27177081508903034,0.006625535449380745,26.373301450893372,-7.202880589144732,-0.27177081508903034,-2.1104097467905376,0,6892.100252697739,-2.1104097467905376,-0.02157197786603724
2026-02-11 12:50:00,25266.723124479013,25200,4.119883142922836,0.4959057874047077,0.00442891335556849,22.329017950205156,-8.611003558256046,-0.4959057874047077,34.7265868809036,0,12529.914226181501,34.7265868809036,0.33216816774888525
2026-02-11 13:05:00,25552.867551449384,25450,4.912652076135562,0.5560631750845701,0.0034247013520197355,21.057543128838216,-9.699526585855383,-0.5560631750845701,46.62971027440926,0,14209.00866317443,46.62971027440926,0.3586374006738911
2026-02-11 13:20:00,25535.220422824877,25550,4.64171529017644,0.07341362078018437,0.004841540274736271,28.088656550937216,-9.604003089056839,0.0,-11.370307784514807,0,0.0,-11.370307784514807,-0.07963288067754477
2026-02-11 13:25:00,25515.828093547727,25550,4.429851398367494,-0.02211930918621613,0.005097852333230063,28.168898067545598,-8.808687554475824,0.0,-17.88130846367858,0,0.0,-17.88130846367858,-0.1252332065439555
2026-02-11 13:30:00,25553.630596069852,25550,4.332550404118369,0.1728336167744493,0.005085257603401879,27.549912832177238,-9.243978594848935,-0.1728336167744493,-17.801034951902693,0,4416.52639763698,-17.801034951902693,-0.12467100443773613
2026-02-11 13:45:00,25587.083537217753,25600,4.486857097755153,0.08521610826349835,0.004991094245957172,28.104074033969436,-9.349012752995785,0.0,-2.648006284973235,0,0.0,-2.648006284973235,-0.020351500001780168
2026-02-11 13:50:00,25587.116067383286,25600,4.442767182192241,0.08612028283754486,0.005041252409012174,28.093690268936516,-9.265605268917598,0.0,-3.9164143050275015,0,0.0,-3.9164143050275015,-0.030099968488762365
2026-02-11 13:55:00,25624.200819909263,25600,4.446508101341289,0.2686786858984973,0.004770779745368192,26.67273412538329,-9.593976255330109,-0.2686786858984973,2.763793500882457,0,6884.6766034924185,2.763793500882457,0.021241393480566403
2026-02-12 09:35:00,25068.248079407756,25200,5.077485181073423,-0.4371116423366004,0.0038298992060649007,23.424680450041013,-6.671590691509863,0.4371116423366004,29.85825308951189,0,-10957.623088491253,29.85825308951189,0.22240253452624978
2026-02-12 12:30:00,25193.13593545512,25350,5.2668557914825325,-0.5097178294789901,0.0034234948007068325,21.936900140634407,-6.116188560298436,0.5097178294789901,51.87352457289944,0,-12841.390566789332,51.87352457289944,0.40192704068525575
2026-02-12 12:45:00,25221.643830314817,25200,4.58873209461269,0.25053143347500173,0.004731892251202525,26.47671038485514,-9.69916078801258,-0.25053143347500173,2.2991694837619434,0,6318.8145834047045,2.2991694837619434,0.01745057262924603
2026-02-12 13:00:00,25313.25740613351,25200,4.782104053978087,0.6070704468081207,0.003305154209957506,19.41317270497176,-9.131080406187705,-0.6070704468081207,44.56669992679235,0,15366.930483710441,44.56669992679235,0.33172541537642286
2026-02-12 14:15:00,24971.64234810749,25050,4.787181842143473,-0.23265709955984337,0.004614361281418846,26.404346897220368,-8.055489072672732,0.23265709955984337,7.302825997050604,0,-5809.8298799564445,7.302825997050604,0.05585043612820545
2026-02-13 12:25:00,25035.505720871195,25050,4.093654930442644,0.08254421878864249,0.0055930051768303835,27.50799193846288,-8.368441415305263,0.0,-18.362843127542874,0,0.0,-18.362843127542874,-0.13898656854759636
2026-02-13 12:30:00,25007.289568285207,25050,4.128040551642203,-0.07537605949234888,0.0055590258795250435,27.494764915397408,-7.786467956392867,0.0,-17.538069921436545,0,0.0,-17.538069921436545,-0.13274394059774594
2026-02-13 12:35:00,25023.24575426311,25050,4.057716165798911,0.01365936440733928,0.0056776928807201026,27.62480792308068,-8.056376701660675,0.0,-20.002662906346814,0,0.0,-20.002662906346814,-0.15139820450774819
2026-02-13 12:40:00,24997.03856601938,25050,4.078434282024427,-0.13400529124292326,0.005577033405187708,27.20297855627821,-7.371016455308539,0.0,-17.875645831134534,0,0.0,-17.875645831134534,-0.13529901973159109
2026-02-13 12:45:00,24993.072142854984,25050,4.08036480757209,-0.15611614584379468,0.005548006419474355,27.05216029104683,-7.243806459479039,0.15611614584379468,-17.273234657623107,0,-3901.822095738431,-17.273234657623107,-0.13073942831758506
2026-02-13 13:00:00,25075.393103553153,25100,4.185890807003408,0.025613211780094236,0.005487641350781489,27.685910691442114,-8.36848993897083,0.0,-11.244240589170658,0,0.0,-11.244240589170658,-0.08837472652963149
2026-02-13 13:05:00,25036.43401913062,25100,4.233238925900934,-0.18473551832061585,0.0052924187051611,26.905807704407806,-7.363617174453027,0.18473551832061585,-6.83996716803631,0,-4625.118615423994,-6.83996716803631,-0.053759097660098315
2026-02-13 13:20:00,25031.210609728183,25050,3.7484234041143325,0.06346338205252433,0.006122630086253691,27.56386213328017,-7.62778457559441,0.0,-13.696876304102261,0,0.0,-13.696876304102261,-0.11643795800022178
2026-02-13 13:25:00,25110.82210565184,25050,3.9041952012468704,0.4934219246279139,0.00471596552293293,22.243243771492438,-8.224390015790485,-0.4934219246279139,13.266153717466295,0,12390.230172359898,13.266153717466295,0.11277635973949683
2026-02-13 13:40:00,25072.196214917763,25200,4.757826245870394,-0.44747294518418257,0.004049791417899528,23.217512472964255,-6.02455998319682,0.44747294518418257,34.235731865896014,0,-11219.129482524966,34.235731865896014,0.28370361921434206
